tipo,MSE,MAE,MAPE,R2
Treino,1818.019192301038,26.53496997613687,0.19465973119107424,0.7397604942423903
Teste,2363.4574305355986,30.42115279491991,0.21124707922163302,0.6577461071472106
