tipo,MSE,MAE,MAPE,R2
Treino,1117.2872258375112,20.97580002449858,0.1632851277472118,0.8441735673726248
Validation,998.3598302807688,21.895491406321522,0.21486622725226862,0.7252463843954298
Teste,2647.3458435384287,36.21915898149212,0.2834541343598031,0.6166360311920874
