tipo,MSE,MAE,MAPE,R2
Treino,81834.23059895537,187.41658419262762,0.20834575200064126,0.7824651523732628
Teste,129897.41422347484,236.15562950579914,0.26560086478649636,0.6529146712525158
