tipo,MSE,MAE,MAPE,R2
Treino,2705.315225390941,33.01725326445653,0.25431102963294905,0.6226936002161885
Validation,1566.6467179201643,28.394296824898063,0.28875244909911424,0.568850992329544
Teste,2833.719811603029,35.668489956925185,0.2877218660880432,0.5896470889448493
