tipo,MSE,MAE,MAPE,R2
Treino,850.5899369193256,19.74773781272657,0.16168090807688767,0.8782427018792285
Teste,5641.946470344119,48.20704359131245,0.39338501272730103,0.1829858588547807
