tipo,MSE,MAE,MAPE,R2
Treino,1017.9242741503781,20.39856270893079,0.157074489051826,0.8542897065523918
Teste,3532.91689117321,35.87660210927327,0.2513091372864712,0.48839587990574007
