tipo,MSE,MAE,MAPE,R2
Treino,40185.689499708926,134.67590692009725,0.1624499743767746,0.8931768799179478
Teste,152878.87121004504,252.23764088948568,0.2840843842862908,0.5915083176236661
