tipo,MSE,MAE,MAPE,R2
Treino,56436.6129326059,162.69896474517793,0.19245374719467886,0.849978060464342
Teste,147542.15463869282,247.36435679371158,0.2798227160719164,0.6057680012106945
